library_id,library_match_sequence,library_real_sequence
TDP1,LVATVYEFGHIDHL,LVATVYEFGHIDHn
TDP2,LLDKLLNWPQRRGL,nLDKLnNWPQRRGn
TDP3,AVRAVEGIKLWQSL,AVRAVEGIKnWQSn
TDP4,GIQSTYFHDLNPYL,GIQSTYFHDLNPYn
TDP5,SLNQAYGDLPSVDL,SLNQAYGDnPSVDn
TDP6,FIVFILWRTEHHAL,FIVFILWRTEHHAn
TDP7,KVHLPAEILQTTQL,KVHLPAEInQTTQn
TDP8,ELFDNRVGKWSYRL,ELFDNRVGKWSYRn
TDP9,NLSEDWAFKPTGPL,NLSEDWAFKPTGPn
TDP10,HIGLQVHLRYINVL,HIGLQVHnRYINVn
TDP11,PVIWTHNAGLSFLL,PVIWTHNAGnSFnn
TDP12,VLFLREKQYDPVSL,VnFLREKQYDPVSL
TDP13,GLYYKRFLAHWVGI,GnYYKRFnAHWVGI
TDP14,LLVDQELSGNTIKV,nnVDQELSGNTIKV
TDP15,ALTDRGWYLAIQAV,AnTDRGWYLAIQAV
TDP16,SLQFNVKSHPEELV,SnQFNVKSHPEELV
TDP17,RLENYLVLTKAAPV,RnENYnVLTKAAPV
TDP18,YLDSIRHQGPFWLL,YnDSIRHQGPFWnL
TDP19,DLFPGQHRISDAEL,DnFPGQHRISDAEL
TDP20,QLKKTLVLYNEWNL,QnKKTLVnYNEWNL
TDP21,PLEPHSKVNFQQHI,PnEPHSKVNFQQHI
TDP22,HLIALYWGRDTLFI,HnIALYWGRDTnFI
TDP23,LGNNGSLEQDVWIA,nGNNGSLEQDVWIA
TDP24,LGWHALFRKYPILA,LGWHAnFRKYPInA
TDP25,SGPDYQKERLFFWA,SGPDYQKERLFFWA
TDP26,FGSLGANHTWVVKA,FGSnGANHTWVVKA
TDP27,DGIYRLHVQLGGAA,DGIYRnHVQLGGAA
TDP28,HGTPKFAWDESNGA,HGTPKFAWDESNGA
TDP29,AGSWKGVRNDFTEA,AGSWKGVRNDFTEA
TDP30,PGTQLIEAPLHYSA,PGTQnIEAPLHYSA
TDP31,QGHETRWLIFVSNA,QGHETRWLIFVSNA
TDP32,RGSPLDGYAQNKHA,RGSPnDGYAQNKHA
TDP33,GGLLDHFYTSQIPA,GGLLDHFYTSQIPA
TDP34,SALLKIGEVARPLG,SAnnKIGEVARPLG
TDP35,IARQPWNLLKDDLG,IARQPWNnLKDDnG
TDP36,LAIHGFEYVTASRG,nAIHGFEYVTASRG
TDP37,WAGTAKNSSADIQG,WAGTAKNSSADIQG
TDP38,EAWLTFIVPPRSAG,EAWnTFIVPPRSAG
TDP39,HAWFSVIIPNLGDG,HAWFSVIIPNLGDG
TDP40,AAPYHKLETNITSG,AAPYHKnETNITSG
TDP41,NAKHYSRQWWELFG,NAKHYSRQWWEnFG
TDP42,PASQTARWNDVDGG,PASQTARWNDVDGG
TDP43,KARSAFAELWPDHG,KARSAFAEnWPDHG
TDP44,GASTSPHLIWAKPG,GASTSPHnIWAKPG
TDP45,GSQVFSWLNHYHRK,GSQVFSWLNHYHRK
TDP46,HTNKRISQWLWEIR,HTNKRISQWnWEIR
TDP47,LSYQWQNSDPKAGR,nSYQWQNSDPKAGR
TDP48,ASLRIYIEPETFDK,ASnRIYIEPETFDK
TDP49,KSHTNDLPLISVLR,KSHTNDLPLISVnR
TDP50,NTLIQVPVKHEGPK,NTLIQVPVKHEGPK
TDP51,VSPAPTYGRLWIHK,VSPAPTYGRLWIHK
TDP52,PSFNLYGYDLQTAK,PSFNnYGYDLQTAK
TDP53,YTRLNGEAVLFLSK,YTRLNGEAVnFnSK
TDP54,ESIEYKGKPTRWQR,ESIEYKGKPTRWQR
TDP55,SSGLLNIHFKFDWR,SSGnLNIHFKFDWR
TDP56,IKVYDWAFRIRSGT,IKVYDWAFRIRSGT
TDP57,GRDLHTVTAESLLS,GRDLHTVTAESLnS
TDP58,LRAYKEQTNGNHVS,nRAYKEQTNGNHVS
TDP59,AKGLGPFHIVKWAS,AKGnGPFHIVKWAS
TDP60,RKWQSPQVDLYDKS,RKWQSPQVDLYDKS
TDP61,QKESAEYNPTRLHS,QKESAEYNPTRLHS
TDP62,DKQFTKGPKYEHSS,DKQFTKGPKYEHSS
TDP63,SKLGQRPTDNYEPS,SKLGQRPTDNYEPS
TDP64,HRRVYLTSPKAPES,HRRVYLTSPKAPES
TDP65,WKPHDVLGSRGLYT,WKPHDVnGSRGLYT
TDP66,PKDRWHTWLKIFNT,PKDRWHTWnKIFNT
TDP67,LFNDVNIFEIHGVD,LFNDVNIFEIHGVD
TDP68,SFIEPDVSQVKHLE,SFIEPDVSQVKHnE
TDP69,GWKTLADSQESARD,GWKTnADSQESARD
TDP70,EWHNFHLAIGARSD,EWHNFHnAIGARSD
TDP71,FYAWKFGIFYLNGD,FYAWKFGIFYLNGD
TDP72,KYVLGWLNTSRQAE,KYVLGWLNTSRQAE
TDP73,LYFKYIWYVQTADD,nYFKYIWYVQTADD
TDP74,AYNLWSLYRLIRQE,AYNnWSLYRnIRQE
TDP75,NFLAFLKWHEGQYE,NFnAFnKWHEGQYE
TDP76,DDRQKEYSWLNLIQ,DDRQKEYSWnNLIQ
TDP77,RDLVDHIGPTAAYH,RDLVDHIGPTAAYH
TDP79,GHTFQESLLDIPKQ,GHTFQESnLDIPKQ
TDP80,PNITREWLHPFKVH,PNITREWLHPFKVH
TDP81,WQKSNDGAQYLLGQ,WQKSNDGAQYnnGQ
TDP82,IQLDPRYNHTQQFP,IQnDPRYNHTQQFP
TDP83,APSLIAKWVGFEPH,APSLIAKWVGFEPH
TDP84,PDFYLGRSVPQWHE,PDFYLGRSVPQWHE
TDP85,PYWDTKLHAENIAQ,PYWDTKnHAENIAQ
TDP86,LPNGQLIRWHFSEN,LPNGQnIRWHFSEN
TDP87,VHSDAYVTELPKTN,VHSDAYVTELPKTN
TDP88,LPEEVASHRLGKNF,nPEEVASHRnGKNF
TDP89,GPKLTYDFWIQNLP,GPKLTYDFWIQNLP
TDP90,NHQLAWGEDRNTFY ,NHQLAWGEDRNTFY
TDP91,AETSIKVFLPYYGH,AETSIKVFnPYYGH
TDP92,VDYIEHKDQVRRLN,VDYIEHKDQVRRnN
TDP94,LHSPWTLANFLRGP,nHSPWTnANFLRGP
TDP95,HQVVQDKHEIYGDP,HQVVQDKHEIYGDP
TDP96,GQYPLFVKISTTHW,GQYPnFVKISTTHW
TDP97,PPNRDEGWALQHTF,PPNRDEGWALQHTF
TDP98,NQIIWFDYTLKGEH,NQIIWFDYTLKGEH
TDP99,QPGLRHSAVEPNGW,QPGnRHSAVEPNGW
TDP100,KHPLETVYADSSEW,KHPLETVYADSSEW
TDP101,LEFHWRILQGKKAP,nEFHWRInQGKKAP
TDP102,AQNEAHLKTDWWAY,AQNEAHnKTDWWAY
TDP103,GDQPVSRGLYFITH,GDQPVSRGLYFITH
TDP105,YEQTHNYRPDLEWQ,YEQTHNYRPDnEWQ
TDP106,TNLYQAGDNSKFQP,TNnYQAGDNSKFQP
TDP107,ENFPHLWERTIVNH,ENFPHLWERTIVNH
TDP108,KQDDLLSEQFTNLY,KQDDLnSEQFTNnY
TDP109,TPHHVNWYKRAPNQ,TPHHVNWYKRAPNQ
TDP110,THATPGIHDVLLRP,THATPGIHDVLLRP
TDP111,FPNLWSYEKQRFHP,FPNnWSYEKQRFHP
TDP112,PHWQRVIFFRLNTP,PHWQRVIFFRLNTP
TDP113,QEGHQSNKPPAFLH,QEGHQSNKPPAFnH
TDP114,DPGSFKNNPIDWHH,DPGSFKNNPIDWHH
TDP115,EHPELVHYQINQKH,EHPEnVHYQINQKH
TDP116,RPVLEFATGGYHPN,RPVnEFATGGYHPN
TDP117,HHFTQRAGILKLLP,HHFTQRAGILKLnP
TDP119,YHFQFPLHNGRVPD,YHFQFPnHNGRVPD
TDP125,EVDNTKPKVLYWHF,EVDNTKPKVnYWHF
TDP126,EYPRPQEWADGNHL,EYPRPQEWADGNHL
TDP127,GFSIHEWELDTQKW,GFSIHEWELDTQKW
TDP128,EGADIWYRKHSHQL,EGADIWYRKHSHQL
TDP129,EDNYEVWVPQAGRN,EDNYEVWVPQAGRN
TDP130,ERWHDINLSVSLQI,ERWHDINnSVSLQI
TDP131,ELKELGRSANAFQT,EnKELGRSANAFQT
TDP132,EPLDLQKQRYFDWL,EPLDnQKQRYFDWL
TDP133,EQREVYTQIWILTV,EQREVYTQIWInTV
TDP134,GEWHWPSLNKVGQA,GEWHWPSnNKVGQA
TDP135,GNGTFPTKLDELQF,GNGTFPTKLDELQF
TDP136,GLYFRYEIPQADQW,GLYFRYEIPQADQW
TDP137,DITSQVWPVEYLQD,DITSQVWPVEYnQD
TDP138,NVDWTAPQLIEYLD,NVDWTAPQLIEYLD
TDP139,WLAKEDQFPVRPTE,WLAKEDQFPVRPTE
TDP140,EEPLLKHWFAWDQN,EEPnLKHWFAWDQN
TDP141,WILAGLQGHVNSTQ,WILAGnQGHVNSTQ
TDP142,QVILKINSYNLWAD,QVILKINSYNnWAD
TDP143,VINYPLKFTKVLQQ,VINYPLKFTKVnQQ
TDP144,LIVQHRLFTYFRAW,nIVQHRLFTYFRAW
TDP145,TVLISLHRNWRAQH,TVnISnHRNWRAQH
TDP146,TWRGVSWNSEDILT,TWRGVSWNSEDILT
TDP147,LRKDWGDIQFATAN,LRKDWGDIQFATAN
TDP148,NRSVENGEKTQRWI,NRSVENGEKTQRWI
TDP149,FRIHGFDEAHNAWL,FRIHGFDEAHNAWn
TDP150,TDHRSHVGLYWTLN,TDHRSHVGnYWTLN
TDP151,TQNGYPNLAWPGDI,TQNGYPNLAWPGDI
TDP152,TEIWEPIDRGPWRF,TEIWEPIDRGPWRF
TDP153,LTHGRPEDTAQFWG,LTHGRPEDTAQFWG
TDP154,DTFWNSLKYIVVWT,DTFWNSLKYIVVWT
TDP155,RLVHRETQWSKING,RLVHRETQWSKING
TDP156,WTILGPDAFNLYAL,WTInGPDAFNLYAL
TDP157,KWLIHPTFSYLRWP,KWLIHPTFSYnRWP
TDP158,QTRDQNKVGEAAWY,QTRDQNKVGEAAWY
TDP159,REANYHEQSIGGWE,REANYHEQSIGGWE
TDP160,INDFLVRTWKLPGL,INDFLVRTWKnPGL
TDP161,RNLEFKHDWYGTPL,RNnEFKHDWYGTPL
TDP162,IPTNIRASVPQLWW,IPTNIRASVPQLWW
TDP163,IWQKGALHTSLDPQ ,IWQKGALHTSnDPQ
TDP164,IGDNVEWIPFYRDT,IGDNVEWIPFYRDT
TDP165,IEPPWVDSHAKRNL,IEPPWVDSHAKRNn
TDP166,VLRFIENLTLGQDY,VLRFIENnTLGQDY
TDP167,HYGFVTKPNHQIWD ,HYGFVTKPNHQIWD
TDP168,VFIDLRWLAYEEPW,VFIDLRWnAYEEPW
TDP169,QYELPSRNGWHHNP,QYELPSRNGWHHNP
TDP170,YAFLQVAITYDKWN,YAFnQVAITYDKWN
TDP171,DFDYTIAVQLFHEV,DFDYTIAVQnFHEV
TDP172,FDWWGNRSPLEKLV,FDWWGNRSPLEKnV
TDP173,FNEYALWRLDIIPE,FNEYAnWRLDIIPE
TDP174,WFQHNPKTVFGSDL,WFQHNPKTVFGSDL
TDP175,YQLLTLNEIFRKWH,YQLLTnNEIFRKWH
TDP176,FLKAHSDVWPYQDA,FLKAHSDVWPYQDA
TDP177,LEYFPIWEVNDDVK,LEYFPIWEVNDDVK
TDP178,YWLSTHLAGKRRDW,YWnSTHLAGKRRDW
TDP179,LWQPVSARINTTFD,LWQPVSARINTTFD
TDP180,LDGYWDHKFELLTW,LDGYWDHKFEnLTW
TDP181,LNLKWTRVLFDGYQ,LNnKWTRVLFDGYQ
TDP182,LQGISQEHYNAPDN,LQGISQEHYNAPDN
TDP183,LHAEGVKNQDRLGN,LHAEGVKNQDRnGN
TDP184,LALYSFTPHILWDE,LAnYSFTPHILWDE
TDP185,LLNNFADPGLIQYL,LnNNFADPGnIQYL
TDP186,LQSSWQTERHVYFA,nQSSWQTERHVYFA
TDP187,LDQIYKLSNWFFEQ,nDQIYKLSNWFFEQ
TDP188,LLQATDEPRGHLYN,LLQATDEPRGHnYN
TDP189,PETGHWLLLHFQED,PETGHWLnnHFQED
TDP190,LWKSGDQRYYVLNE,nWKSGDQRYYVnNE
TDP191,PWKDLRQQYLNTGE,PWKDnRQQYLNTGE
TDP192,DLYPAWSEGLQGFW,DLYPAWSEGLQGFW
TDP193,DAWAPLVIKKESSI,DAWAPnVIKKESSI
TDP194,PQLIGHVKLFRFNW,PQnIGHVKLFRFNW
TDP195,WGVLHDHESKYFLQ,WGVnHDHESKYFnQ
TDP196,WPLGLYASQKHWEE,WPnGnYASQKHWEE
TDP197,WEIRDLKNLAPAND,WEIRDnKNLAPAND
TDP198,DELWVQLIKSKEDQ,DELWVQnIKSKEDQ
TDP199,WNPIKILLFYWHEF,WNPIKILnFYWHEF
TDP200,WHSVQPQEYEGDNN,WHSVQPQEYEGDNN
TDP201,WDAGLFNYNQLRGF,WDAGLFNYNQnRGF
TDP202,DHNQIRYRWAETLW,DHNQIRYRWAETnW
TDP203,WWYHYGPTVNKQLR,WWYHYGPTVNKQLR
TDP204,WLDLSPTPFNIGYK,WnDLSPTPFNIGYK
TDP205,DQVNLTEHRSDSEK,DQVNLTEHRSDSEK
TDP206,DNQEPWTWYGVKFR,DNQEPWTWYGVKFR
TDP207,PLTSNLQADWDFNR,PLTSNLQADWDFNR
TDP208,NLRPFKHDVQVLLE,NnRPFKHDVQVnLE
TDP209,DWFNAGRGHELNLQ,DWFNAGRGHEnNLQ
TDP210,NGHPWEIGLTLALW,NGHPWEIGLTLALW
TDP211,NPTSTYDAQRWKNI,NPTSTYDAQRWKNI
TDP212,NWKILYIRFNPFLA,NWKInYIRFNPFLA
TDP213,QLELHEPLYGVNIE,QLEnHEPLYGVNIE
TDP214,NEIDGWTYWPEAVN,NEIDGWTYWPEAVN
TDP215,NDNTIVYGFLPEIW,NDNTIVYGFLPEIW
TDP216,QAVRPNGLYWHYLL,QAVRPNGnYWHYLn
TDP217,QWYAFRSTLVTNIY,QWYAFRSTnVTNIY
TDP218,NNFVKAGKSWQDIP,NNFVKAGKSWQDIP
TDP219,HNLFRLQDEQATVG,HNLFRLQDEQATVG
TDP220,HEQEYFRLIRWAVL,HEQEYFRnIRWAVL
TDP221,QQWGSHFLIELHVI,QQWGSHFnIEnHVI
TDP222,QNALDASHQTHVLL,QNALDASHQTHVLL
TDP223,VYHKWDTQDPNLDH,VYHKWDTQDPNLDH
TDP224,QDRNTKNLGLVIEG,QDRNTKNLGnVIEG
TDP225,HLDWPQKPRIGHEL,HLDWPQKPRIGHEn
TDP226,FSLSKLNPVSQVLH,FSLSKnNPVSQVLH
TDP227,QHSHDSWKAETIEP,QHSHDSWKAETIEP
TDP228,RTQKEYQFVTYKLD,RTQKEYQFVTYKnD
TDP229,ADARKYWNVHGTHQ,ADARKYWNVHGTHQ
TDP230,AHLFNALTWPSGHN,AHLFNAnTWPSGHN
TDP231,HDFGVWKAILSQPP,HDFGVWKAILSQPP
TDP232,HWAFRSRYHGPLAH,HWAFRSRYHGPLAH
TDP233,HPTKSFGDILELLY,HPTKSFGDInEnLY
TDP234,ADIVANFTGHGYHQ,ADIVANFTGHGYHQ
TDP235,ALETGTIFLPVRHD,ALETGTIFLPVRHD
TDP236,AWHANENYPYQSKL,AWHANENYPYQSKL
TDP237,ANLQILDPDNFKRE,ANnQILDPDNFKRE